model,field,model field,model value,reference value,verdict,reason
llama3.1:8b,dmp.contact.contact_id[0].identifier,dmp.contact.contact_id[0].identifier,0000-0001-9317-0364,0000-0001-9317-0364,Correct,
llama3.1:8b,dmp.contact.contact_id[0].type,dmp.contact.contact_id[0].type,orcid,orcid,Correct,
llama3.1:8b,dmp.contact.mbox,dmp.contact.mbox,brett.johnson@hakai.org,,Hallucinated,not in the reference
llama3.1:8b,dmp.contact.name,dmp.contact.name,Brett Johnson,Brett Johnson,Correct,
llama3.1:8b,dmp.created,dmp.created,2015-05-12T00:00:00Z,2015-05-12T00:00:00Z,Correct,
llama3.1:8b,dmp.dataset[0].dataset_id.identifier,dmp.dataset[0].dataset_id.identifier,https://doi.org/10.48321/D1CW23,https://doi.org/10.21966/1.566666,Hallucinated,identifier differs
llama3.1:8b,dmp.dataset[0].dataset_id.type,dmp.dataset[0].dataset_id.type,doi,doi,Correct,
llama3.1:8b,dmp.dataset[0].personal_data,dmp.dataset[0].personal_data,no,no,Correct,
llama3.1:8b,dmp.dataset[0].sensitive_data,dmp.dataset[0].sensitive_data,no,no,Correct,
llama3.1:8b,dmp.dataset[0].title,dmp.dataset[0].title,Hakai Institute Juvenile Salmon Program Time Series,Hakai Institute Juvenile Salmon Program Time Series,Correct,
llama3.1:8b,dmp.dataset[0].type,dmp.dataset[0].type,dataset,dataset,Correct,
llama3.1:8b,dmp.dmp_id.identifier,dmp.dmp_id.identifier,https://doi.org/10.48321/D1CW23,https://doi.org/10.48321/D1CW23,Correct,
llama3.1:8b,dmp.dmp_id.type,dmp.dmp_id.type,doi,doi,Correct,
llama3.1:8b,dmp.ethical_issues_exist,dmp.ethical_issues_exist,no,no,Correct,
llama3.1:8b,dmp.language,dmp.language,eng,eng,Correct,
llama3.1:8b,dmp.modified,dmp.modified,2024-06-11T00:00:00Z,2024-06-11T00:00:00Z,Correct,
llama3.1:8b,dmp.title,dmp.title,Hakai Institute Juvenile Salmon Program Time Series,Hakai Institute Juvenile Salmon Program Time Series,Correct,
llama3.1:8b,dmp.contact.affiliation[0].name,,,Hakai Institute,Missed,
llama3.1:8b,dmp.contributor[0].name,,,Brett Johnson,Missed,
llama3.1:8b,dmp.contributor[0].role[0],,,Principal Investigator,Missed,
llama3.1:8b,dmp.contributor[0].role[1],,,Data Manager,Missed,
llama3.1:8b,dmp.contributor[1].name,,,Brian Hunt,Missed,
llama3.1:8b,dmp.contributor[1].role[0],,,Principal Investigator,Missed,
llama3.1:8b,dmp.contributor[2].name,,,Tim van der Stap,Missed,
llama3.1:8b,dmp.contributor[2].role[0],,,Data Manager,Missed,
llama3.1:8b,dmp.contributor[3].name,,,Krystal Bachen,Missed,
llama3.1:8b,dmp.contributor[3].role[0],,,Data Manager,Missed,
llama3.1:8b,dmp.dataset[0].dataset_id.identifier,,,https://doi.org/10.21966/1.566666,Missed,
llama3.1:8b,dmp.dataset[0].description,,,"The core of the Hakai JSP are the observations made at sea during seining operations, and the observations and measurements made in the lab during fish dissections. Many samples are produced from fish that are collected in the lab, and those data may be addressed in their own Data Management Plans.",Missed,
llama3.1:8b,dmp.dataset[0].distribution[0].data_access,,,open,Missed,
llama3.1:8b,dmp.dataset[0].distribution[0].host.title,,,Hakai JSP GitHub repository,Missed,
llama3.1:8b,dmp.dataset[0].distribution[0].host.url,,,https://github.com/hakaiinstitute/jsp-data,Missed,
llama3.1:8b,dmp.dataset[0].distribution[0].license[0].license_ref,,,CC BY 4.0,Missed,
llama3.1:8b,dmp.dataset[0].distribution[0].title,,,Hakai JSP Time Series,Missed,
llama3.1:8b,dmp.dataset[0].metadata[0].language,,,eng,Missed,
llama3.1:8b,dmp.dataset[10].description,,,Scales are collected for every salmon and herring and archived. No analysis has been completed at this stage nor is any planned.,Missed,
llama3.1:8b,dmp.dataset[10].distribution[0].data_access,,,open,Missed,
llama3.1:8b,dmp.dataset[10].distribution[0].host.title,,,Ocean Biogeographic Information System,Missed,
llama3.1:8b,dmp.dataset[10].metadata[0].language,,,eng,Missed,
llama3.1:8b,dmp.dataset[10].personal_data,,,no,Missed,
llama3.1:8b,dmp.dataset[10].sensitive_data,,,no,Missed,
llama3.1:8b,dmp.dataset[10].title,,,"Scales collected from sockeye, pink, chum, coho, chinook and herring",Missed,
llama3.1:8b,dmp.dataset[10].type,,,dataset,Missed,
llama3.1:8b,dmp.dataset[1].description,,,This dataset will include fatty acid data derived from juvenile salmon tissue samples. Alicia Andersen is going to provide this dataset.,Missed,
llama3.1:8b,dmp.dataset[1].distribution[0].data_access,,,open,Missed,
llama3.1:8b,dmp.dataset[1].distribution[0].host.title,,,Hakai EIMS,Missed,
llama3.1:8b,dmp.dataset[1].distribution[0].license[0].license_ref,,,CC BY 4.0,Missed,
llama3.1:8b,dmp.dataset[1].metadata[0].language,,,eng,Missed,
llama3.1:8b,dmp.dataset[1].metadata[0].metadata_standard_id[0].identifier,,,ISO 19115,Missed,
llama3.1:8b,dmp.dataset[1].personal_data,,,no,Missed,
llama3.1:8b,dmp.dataset[1].sensitive_data,,,no,Missed,
llama3.1:8b,dmp.dataset[1].title,,,Fatty acids from juvenile salmon,Missed,
llama3.1:8b,dmp.dataset[1].type,,,dataset,Missed,
llama3.1:8b,dmp.dataset[2].description,,,Microchemistry data as obtained from otolith analysis. Otoliths were obtained from juvenile salmon as part of the Juvenile Salmon Program (JSP). The responsible party for this dataset is Yuliya Kuzmenko (UBC). The Paper has been published at https://doi.org/10.26428/1606-9919-2021-201-669-685 but we need to reach out to Yuliya to collect data.,Missed,
llama3.1:8b,dmp.dataset[2].distribution[0].data_access,,,open,Missed,
llama3.1:8b,dmp.dataset[2].distribution[0].host.title,,,Hakai EIMS,Missed,
llama3.1:8b,dmp.dataset[2].distribution[0].license[0].license_ref,,,CC BY 4.0,Missed,
llama3.1:8b,dmp.dataset[2].metadata[0].language,,,eng,Missed,
llama3.1:8b,dmp.dataset[2].personal_data,,,no,Missed,
llama3.1:8b,dmp.dataset[2].sensitive_data,,,no,Missed,
llama3.1:8b,dmp.dataset[2].title,,,Otolith Microchemistry from juvenile sockeye,Missed,
llama3.1:8b,dmp.dataset[2].type,,,dataset,Missed,
llama3.1:8b,dmp.dataset[3].description,,,The responsible parties for this dataset are Tianyi Chang and Curtis Suttle. Need an update from Tianyi,Missed,
llama3.1:8b,dmp.dataset[3].distribution[0].data_access,,,open,Missed,
llama3.1:8b,dmp.dataset[3].distribution[0].license[0].license_ref,,,CC BY 4.0,Missed,
llama3.1:8b,dmp.dataset[3].metadata[0].language,,,eng,Missed,
llama3.1:8b,dmp.dataset[3].personal_data,,,no,Missed,
llama3.1:8b,dmp.dataset[3].sensitive_data,,,no,Missed,
llama3.1:8b,dmp.dataset[3].title,,,Sealice microbiome viral and bacterial data,Missed,
llama3.1:8b,dmp.dataset[3].type,,,dataset,Missed,
llama3.1:8b,dmp.dataset[4].description,,,This dataset will contain isotope data obtained from juvenile salmon caught during the JSP. The responsible party for this dataset is Brian Hunt.,Missed,
llama3.1:8b,dmp.dataset[4].distribution[0].data_access,,,open,Missed,
llama3.1:8b,dmp.dataset[4].distribution[0].host.title,,,Hakai EIMS,Missed,
llama3.1:8b,dmp.dataset[4].distribution[0].license[0].license_ref,,,CC BY 4.0,Missed,
llama3.1:8b,dmp.dataset[4].metadata[0].language,,,eng,Missed,
llama3.1:8b,dmp.dataset[4].metadata[0].metadata_standard_id[0].identifier,,,ISO 19115,Missed,
llama3.1:8b,dmp.dataset[4].personal_data,,,no,Missed,
llama3.1:8b,dmp.dataset[4].sensitive_data,,,no,Missed,
llama3.1:8b,dmp.dataset[4].title,,,Stable isotope ratios from juvenile salmon muscle tissue,Missed,
llama3.1:8b,dmp.dataset[4].type,,,dataset,Missed,
llama3.1:8b,dmp.dataset[5].description,,,This dataset will contain isotope data obtained from the zooplankton caught as part of the Juvenile Salmon Program (JSP). Brian Hunt is the responsible party for this dataset.,Missed,
llama3.1:8b,dmp.dataset[5].distribution[0].data_access,,,open,Missed,
llama3.1:8b,dmp.dataset[5].distribution[0].license[0].license_ref,,,CC BY 4.0,Missed,
llama3.1:8b,dmp.dataset[5].metadata[0].language,,,eng,Missed,
llama3.1:8b,dmp.dataset[5].personal_data,,,no,Missed,
llama3.1:8b,dmp.dataset[5].sensitive_data,,,no,Missed,
llama3.1:8b,dmp.dataset[5].title,,,Zooplankton Isotopes from JSP surface horizontal tows,Missed,
llama3.1:8b,dmp.dataset[5].type,,,dataset,Missed,
llama3.1:8b,dmp.dataset[6].description,,,"Environmental DNA (eDNA) is collected as part of the Juvenile Salmon Program field operations, starting in 2020. The responsible party for this dataset is Natalie Benoit (UBC).",Missed,
llama3.1:8b,dmp.dataset[6].distribution[0].data_access,,,open,Missed,
llama3.1:8b,dmp.dataset[6].distribution[0].host.title,,,Ocean Biodiversity Information System,Missed,
llama3.1:8b,dmp.dataset[6].distribution[0].issued,,,2024-04-13,Missed,
llama3.1:8b,dmp.dataset[6].distribution[0].license[0].license_ref,,,CC BY 4.0,Missed,
llama3.1:8b,dmp.dataset[6].metadata[0].language,,,eng,Missed,
llama3.1:8b,dmp.dataset[6].metadata[0].metadata_standard_id[0].identifier,,,ISO 19115 North American Profile,Missed,
llama3.1:8b,dmp.dataset[6].metadata[0].metadata_standard_id[1].identifier,,,ISO 19115,Missed,
llama3.1:8b,dmp.dataset[6].personal_data,,,no,Missed,
llama3.1:8b,dmp.dataset[6].sensitive_data,,,no,Missed,
llama3.1:8b,dmp.dataset[6].title,,,eDNA from JSP seines,Missed,
llama3.1:8b,dmp.dataset[6].type,,,dataset,Missed,
llama3.1:8b,dmp.dataset[7].description,,,"An integration of Sam James, Vanessa Fladmark, and Natalie Mahara's zooplankton taxonomy from horizontal surface tows in the Discovery Islands and Johnstone Strait.",Missed,
llama3.1:8b,dmp.dataset[7].distribution[0].data_access,,,open,Missed,
llama3.1:8b,dmp.dataset[7].distribution[0].host.title,,,Hakai EIMS,Missed,
llama3.1:8b,dmp.dataset[7].distribution[0].issued,,,2022-03-30,Missed,
llama3.1:8b,dmp.dataset[7].distribution[0].license[0].license_ref,,,CC BY 4.0,Missed,
llama3.1:8b,dmp.dataset[7].distribution[1].data_access,,,open,Missed,
llama3.1:8b,dmp.dataset[7].distribution[1].host.title,,,Ocean Biogeographic Information System,Missed,
llama3.1:8b,dmp.dataset[7].distribution[1].issued,,,2022-03-30,Missed,
llama3.1:8b,dmp.dataset[7].distribution[1].license[0].license_ref,,,CC BY 4.0,Missed,
llama3.1:8b,dmp.dataset[7].metadata[0].language,,,eng,Missed,
llama3.1:8b,dmp.dataset[7].personal_data,,,no,Missed,
llama3.1:8b,dmp.dataset[7].sensitive_data,,,no,Missed,
llama3.1:8b,dmp.dataset[7].title,,,Zooplankton Taxonomy from JSP and Oceanography horizontal surface tows,Missed,
llama3.1:8b,dmp.dataset[7].type,,,dataset,Missed,
llama3.1:8b,dmp.dataset[8].description,,,"Dataset from fish tissue samples sent to Kristi Millers lab. Currently 2015 sockeye, pink and chum dataset is published as part of the Hakai JSP data package. Katherine Medcalf' (UoT) project will produce fit chip data from Krisiti Miller's lab for 2016 sockeye and will be used in conjunction with sea lice count data and the 2015 fit chip data. Katherine is working on a separate DMP for that.",Missed,
llama3.1:8b,dmp.dataset[8].distribution[0].data_access,,,open,Missed,
llama3.1:8b,dmp.dataset[8].distribution[0].host.title,,,Hakai EIMS,Missed,
llama3.1:8b,dmp.dataset[8].distribution[0].license[0].license_ref,,,CC BY 4.0,Missed,
llama3.1:8b,dmp.dataset[8].metadata[0].language,,,eng,Missed,
llama3.1:8b,dmp.dataset[8].personal_data,,,no,Missed,
llama3.1:8b,dmp.dataset[8].sensitive_data,,,no,Missed,
llama3.1:8b,dmp.dataset[8].title,,,RNA pathogen and gene expression data: Fitchip data from sockeye,Missed,
llama3.1:8b,dmp.dataset[8].type,,,dataset,Missed,
llama3.1:8b,dmp.dataset[9].description,,,"Fin clips and liver samples are sent to the Pacific Biological Station for stock identification. Currently, we have results from 2015–2019. These data could be published in a stand alone data package, with an accompanying data paper. Currently, they reside in the JSP GitHub repo along with the JSP Time-series dataset.",Missed,
llama3.1:8b,dmp.dataset[9].distribution[0].data_access,,,open,Missed,
llama3.1:8b,dmp.dataset[9].distribution[0].host.title,,,Ocean Biogeographic Information System,Missed,
llama3.1:8b,dmp.dataset[9].metadata[0].language,,,eng,Missed,
llama3.1:8b,dmp.dataset[9].personal_data,,,no,Missed,
llama3.1:8b,dmp.dataset[9].sensitive_data,,,no,Missed,
llama3.1:8b,dmp.dataset[9].title,,,Genetic stock identification of sockeye,Missed,
llama3.1:8b,dmp.dataset[9].type,,,dataset,Missed,
llama3.1:8b,dmp.project[0].description,,,"The Hakai Institute Juvenile Salmon program is an ongoing initiative that was established in 2015 in partnership with the University of British Columbia, University of Toronto, Simon Fraser University and Salmon Coast Field Station. This program researches the early life history of juvenile salmon in coastal British Columbia. Primary research objectives are determining: 1) Migration timing rates and routes; 2) Migration habitat, including physical and chemical oceanographic conditions, and availability of plankton prey; 3) The impacts of prey phenology, quantity and quality on juvenile salmon growth and condition; 4) Species and stock-specific feeding biology and competitive interactions; 5) Pathogen and parasite infection dynamics; and 6) Mortality estimates. The program targets Fraser River sockeye, and pink and chum salmon, but additionally provides information on coho, chinook, and herring through incidental capture. The field program operates between May and July during the peak of the juvenile sockeye outward migration. Purse seine and oceanographic sampling are conducted in the northern Strait of Georgia / Discovery Islands region (~ 220 km from the Fraser River mouth).",Missed,
llama3.1:8b,dmp.project[0].end,,,2023-07-05,Missed,
llama3.1:8b,dmp.project[0].funding[0].name,,,Tula Foundation,Missed,
llama3.1:8b,dmp.project[0].start,,,2015-05-12,Missed,
llama3.1:8b,dmp.project[0].title,,,Hakai JSP Time Series,Missed,
llama3.1:8b,dmp.related_identifier[0].identifier,,,https://doi.org/10.26428/1606-9919-2021-201-669-685,Missed,
gemma4:e4b,dmp.contact.contact_id[0].identifier,dmp.contact.contact_id[0].identifier,0000-0003-0644-4174,0000-0001-9317-0364,Hallucinated,identifier differs
gemma4:e4b,dmp.contact.contact_id[0].type,dmp.contact.contact_id[0].type,orcid,orcid,Correct,
gemma4:e4b,dmp.contact.mbox,dmp.contact.mbox,catalogue-team@hakai.org,,Hallucinated,not in the reference
gemma4:e4b,dmp.contact.name,dmp.contact.name,Hakai Institute,Brett Johnson,Hallucinated,only 0% of the model's words are in the reference
gemma4:e4b,dmp.created,dmp.created,2015-05-12T00:00:00Z,2015-05-12T00:00:00Z,Correct,
gemma4:e4b,dmp.dataset[0].dataset_id.identifier,dmp.dataset[0].dataset_id.identifier,10.48321/D1CW23,https://doi.org/10.21966/1.566666,Hallucinated,identifier differs
gemma4:e4b,dmp.dataset[0].dataset_id.type,dmp.dataset[0].dataset_id.type,doi,doi,Correct,
gemma4:e4b,dmp.dataset[0].personal_data,dmp.dataset[0].personal_data,unknown,no,Hallucinated,different value
gemma4:e4b,dmp.dataset[0].sensitive_data,dmp.dataset[0].sensitive_data,unknown,no,Hallucinated,different value
gemma4:e4b,dmp.dataset[0].title,dmp.dataset[0].title,Hakai Institute Juvenile Salmon Program Time Series,Hakai Institute Juvenile Salmon Program Time Series,Correct,
gemma4:e4b,dmp.dataset[0].type,dmp.dataset[0].type,raw data,dataset,Hallucinated,different value
gemma4:e4b,dmp.dmp_id.identifier,dmp.dmp_id.identifier,https://doi.org/10.48321/D1CW23,https://doi.org/10.48321/D1CW23,Correct,
gemma4:e4b,dmp.dmp_id.type,dmp.dmp_id.type,doi,doi,Correct,
gemma4:e4b,dmp.ethical_issues_exist,dmp.ethical_issues_exist,unknown,no,Hallucinated,different value
gemma4:e4b,dmp.language,dmp.language,eng,eng,Correct,
gemma4:e4b,dmp.modified,dmp.modified,2024-11-06T00:00:00Z,2024-06-11T00:00:00Z,Hallucinated,different day
gemma4:e4b,dmp.title,dmp.title,Hakai Institute Juvenile Salmon Program Time Series,Hakai Institute Juvenile Salmon Program Time Series,Correct,
gemma4:e4b,dmp.project[0].title,dmp.project[0].title,"The Hakai Institute Juvenile Salmon program is an ongoing initiative that was established in 2015 in partnership with the University of British Columbia, University of Toronto, Simon Fraser University and Salmon Coast Field Station. This program researches the early life history of juvenile salmon in coastal British Columbia. Primary research objectives are determining: 1) Migration timing rates and routes; 2) Migration habitat, including physical and chemical oceanographic conditions, and availability of plankton prey; 3) The impacts of prey phenology, quantity and quality on juvenile salmon growth and condition; 4) Species and stock-specific feeding biology and competitive interactions; 5) Pathogen and parasite infection dynamics; and 6) Mortality estimates. The program targets Fraser River sockeye, and pink and chum salmon, but additionally provides information on coho, chinook, and herring through incidental capture. The field program operates between May and July during the peak of the juvenile sockeye outward migration. Purse seine and oceanographic sampling are conducted in the northern Strait of Georgia / Discovery Islands region (~ 220 km from the Fraser River mouth.",Hakai JSP Time Series,Hallucinated,only 1% of the model's words are in the reference
gemma4:e4b,dmp.related_identifier[0].identifier,dmp.related_identifier[0].identifier,https://doi.org/10.21966/1.566666,https://doi.org/10.26428/1606-9919-2021-201-669-685,Hallucinated,identifier differs
gemma4:e4b,dmp.related_identifier[0].relation_type,dmp.related_identifier[0].relation_type,HasMetadata,,Hallucinated,not in the reference
gemma4:e4b,dmp.related_identifier[0].type,dmp.related_identifier[0].type,url,,Hallucinated,not in the reference
gemma4:e4b,dmp.contact.affiliation[0].name,,,Hakai Institute,Missed,
gemma4:e4b,dmp.contact.contact_id[0].identifier,,,0000-0001-9317-0364,Missed,
gemma4:e4b,dmp.contact.name,,,Brett Johnson,Missed,
gemma4:e4b,dmp.contributor[0].name,,,Brett Johnson,Missed,
gemma4:e4b,dmp.contributor[0].role[0],,,Principal Investigator,Missed,
gemma4:e4b,dmp.contributor[0].role[1],,,Data Manager,Missed,
gemma4:e4b,dmp.contributor[1].name,,,Brian Hunt,Missed,
gemma4:e4b,dmp.contributor[1].role[0],,,Principal Investigator,Missed,
gemma4:e4b,dmp.contributor[2].name,,,Tim van der Stap,Missed,
gemma4:e4b,dmp.contributor[2].role[0],,,Data Manager,Missed,
gemma4:e4b,dmp.contributor[3].name,,,Krystal Bachen,Missed,
gemma4:e4b,dmp.contributor[3].role[0],,,Data Manager,Missed,
gemma4:e4b,dmp.dataset[0].dataset_id.identifier,,,https://doi.org/10.21966/1.566666,Missed,
gemma4:e4b,dmp.dataset[0].description,,,"The core of the Hakai JSP are the observations made at sea during seining operations, and the observations and measurements made in the lab during fish dissections. Many samples are produced from fish that are collected in the lab, and those data may be addressed in their own Data Management Plans.",Missed,
gemma4:e4b,dmp.dataset[0].distribution[0].data_access,,,open,Missed,
gemma4:e4b,dmp.dataset[0].distribution[0].host.title,,,Hakai JSP GitHub repository,Missed,
gemma4:e4b,dmp.dataset[0].distribution[0].host.url,,,https://github.com/hakaiinstitute/jsp-data,Missed,
gemma4:e4b,dmp.dataset[0].distribution[0].license[0].license_ref,,,CC BY 4.0,Missed,
gemma4:e4b,dmp.dataset[0].distribution[0].title,,,Hakai JSP Time Series,Missed,
gemma4:e4b,dmp.dataset[0].metadata[0].language,,,eng,Missed,
gemma4:e4b,dmp.dataset[0].personal_data,,,no,Missed,
gemma4:e4b,dmp.dataset[0].sensitive_data,,,no,Missed,
gemma4:e4b,dmp.dataset[0].type,,,dataset,Missed,
gemma4:e4b,dmp.dataset[10].description,,,Scales are collected for every salmon and herring and archived. No analysis has been completed at this stage nor is any planned.,Missed,
gemma4:e4b,dmp.dataset[10].distribution[0].data_access,,,open,Missed,
gemma4:e4b,dmp.dataset[10].distribution[0].host.title,,,Ocean Biogeographic Information System,Missed,
gemma4:e4b,dmp.dataset[10].metadata[0].language,,,eng,Missed,
gemma4:e4b,dmp.dataset[10].personal_data,,,no,Missed,
gemma4:e4b,dmp.dataset[10].sensitive_data,,,no,Missed,
gemma4:e4b,dmp.dataset[10].title,,,"Scales collected from sockeye, pink, chum, coho, chinook and herring",Missed,
gemma4:e4b,dmp.dataset[10].type,,,dataset,Missed,
gemma4:e4b,dmp.dataset[1].description,,,This dataset will include fatty acid data derived from juvenile salmon tissue samples. Alicia Andersen is going to provide this dataset.,Missed,
gemma4:e4b,dmp.dataset[1].distribution[0].data_access,,,open,Missed,
gemma4:e4b,dmp.dataset[1].distribution[0].host.title,,,Hakai EIMS,Missed,
gemma4:e4b,dmp.dataset[1].distribution[0].license[0].license_ref,,,CC BY 4.0,Missed,
gemma4:e4b,dmp.dataset[1].metadata[0].language,,,eng,Missed,
gemma4:e4b,dmp.dataset[1].metadata[0].metadata_standard_id[0].identifier,,,ISO 19115,Missed,
gemma4:e4b,dmp.dataset[1].personal_data,,,no,Missed,
gemma4:e4b,dmp.dataset[1].sensitive_data,,,no,Missed,
gemma4:e4b,dmp.dataset[1].title,,,Fatty acids from juvenile salmon,Missed,
gemma4:e4b,dmp.dataset[1].type,,,dataset,Missed,
gemma4:e4b,dmp.dataset[2].description,,,Microchemistry data as obtained from otolith analysis. Otoliths were obtained from juvenile salmon as part of the Juvenile Salmon Program (JSP). The responsible party for this dataset is Yuliya Kuzmenko (UBC). The Paper has been published at https://doi.org/10.26428/1606-9919-2021-201-669-685 but we need to reach out to Yuliya to collect data.,Missed,
gemma4:e4b,dmp.dataset[2].distribution[0].data_access,,,open,Missed,
gemma4:e4b,dmp.dataset[2].distribution[0].host.title,,,Hakai EIMS,Missed,
gemma4:e4b,dmp.dataset[2].distribution[0].license[0].license_ref,,,CC BY 4.0,Missed,
gemma4:e4b,dmp.dataset[2].metadata[0].language,,,eng,Missed,
gemma4:e4b,dmp.dataset[2].personal_data,,,no,Missed,
gemma4:e4b,dmp.dataset[2].sensitive_data,,,no,Missed,
gemma4:e4b,dmp.dataset[2].title,,,Otolith Microchemistry from juvenile sockeye,Missed,
gemma4:e4b,dmp.dataset[2].type,,,dataset,Missed,
gemma4:e4b,dmp.dataset[3].description,,,The responsible parties for this dataset are Tianyi Chang and Curtis Suttle. Need an update from Tianyi,Missed,
gemma4:e4b,dmp.dataset[3].distribution[0].data_access,,,open,Missed,
gemma4:e4b,dmp.dataset[3].distribution[0].license[0].license_ref,,,CC BY 4.0,Missed,
gemma4:e4b,dmp.dataset[3].metadata[0].language,,,eng,Missed,
gemma4:e4b,dmp.dataset[3].personal_data,,,no,Missed,
gemma4:e4b,dmp.dataset[3].sensitive_data,,,no,Missed,
gemma4:e4b,dmp.dataset[3].title,,,Sealice microbiome viral and bacterial data,Missed,
gemma4:e4b,dmp.dataset[3].type,,,dataset,Missed,
gemma4:e4b,dmp.dataset[4].description,,,This dataset will contain isotope data obtained from juvenile salmon caught during the JSP. The responsible party for this dataset is Brian Hunt.,Missed,
gemma4:e4b,dmp.dataset[4].distribution[0].data_access,,,open,Missed,
gemma4:e4b,dmp.dataset[4].distribution[0].host.title,,,Hakai EIMS,Missed,
gemma4:e4b,dmp.dataset[4].distribution[0].license[0].license_ref,,,CC BY 4.0,Missed,
gemma4:e4b,dmp.dataset[4].metadata[0].language,,,eng,Missed,
gemma4:e4b,dmp.dataset[4].metadata[0].metadata_standard_id[0].identifier,,,ISO 19115,Missed,
gemma4:e4b,dmp.dataset[4].personal_data,,,no,Missed,
gemma4:e4b,dmp.dataset[4].sensitive_data,,,no,Missed,
gemma4:e4b,dmp.dataset[4].title,,,Stable isotope ratios from juvenile salmon muscle tissue,Missed,
gemma4:e4b,dmp.dataset[4].type,,,dataset,Missed,
gemma4:e4b,dmp.dataset[5].description,,,This dataset will contain isotope data obtained from the zooplankton caught as part of the Juvenile Salmon Program (JSP). Brian Hunt is the responsible party for this dataset.,Missed,
gemma4:e4b,dmp.dataset[5].distribution[0].data_access,,,open,Missed,
gemma4:e4b,dmp.dataset[5].distribution[0].license[0].license_ref,,,CC BY 4.0,Missed,
gemma4:e4b,dmp.dataset[5].metadata[0].language,,,eng,Missed,
gemma4:e4b,dmp.dataset[5].personal_data,,,no,Missed,
gemma4:e4b,dmp.dataset[5].sensitive_data,,,no,Missed,
gemma4:e4b,dmp.dataset[5].title,,,Zooplankton Isotopes from JSP surface horizontal tows,Missed,
gemma4:e4b,dmp.dataset[5].type,,,dataset,Missed,
gemma4:e4b,dmp.dataset[6].description,,,"Environmental DNA (eDNA) is collected as part of the Juvenile Salmon Program field operations, starting in 2020. The responsible party for this dataset is Natalie Benoit (UBC).",Missed,
gemma4:e4b,dmp.dataset[6].distribution[0].data_access,,,open,Missed,
gemma4:e4b,dmp.dataset[6].distribution[0].host.title,,,Ocean Biodiversity Information System,Missed,
gemma4:e4b,dmp.dataset[6].distribution[0].issued,,,2024-04-13,Missed,
gemma4:e4b,dmp.dataset[6].distribution[0].license[0].license_ref,,,CC BY 4.0,Missed,
gemma4:e4b,dmp.dataset[6].metadata[0].language,,,eng,Missed,
gemma4:e4b,dmp.dataset[6].metadata[0].metadata_standard_id[0].identifier,,,ISO 19115 North American Profile,Missed,
gemma4:e4b,dmp.dataset[6].metadata[0].metadata_standard_id[1].identifier,,,ISO 19115,Missed,
gemma4:e4b,dmp.dataset[6].personal_data,,,no,Missed,
gemma4:e4b,dmp.dataset[6].sensitive_data,,,no,Missed,
gemma4:e4b,dmp.dataset[6].title,,,eDNA from JSP seines,Missed,
gemma4:e4b,dmp.dataset[6].type,,,dataset,Missed,
gemma4:e4b,dmp.dataset[7].description,,,"An integration of Sam James, Vanessa Fladmark, and Natalie Mahara's zooplankton taxonomy from horizontal surface tows in the Discovery Islands and Johnstone Strait.",Missed,
gemma4:e4b,dmp.dataset[7].distribution[0].data_access,,,open,Missed,
gemma4:e4b,dmp.dataset[7].distribution[0].host.title,,,Hakai EIMS,Missed,
gemma4:e4b,dmp.dataset[7].distribution[0].issued,,,2022-03-30,Missed,
gemma4:e4b,dmp.dataset[7].distribution[0].license[0].license_ref,,,CC BY 4.0,Missed,
gemma4:e4b,dmp.dataset[7].distribution[1].data_access,,,open,Missed,
gemma4:e4b,dmp.dataset[7].distribution[1].host.title,,,Ocean Biogeographic Information System,Missed,
gemma4:e4b,dmp.dataset[7].distribution[1].issued,,,2022-03-30,Missed,
gemma4:e4b,dmp.dataset[7].distribution[1].license[0].license_ref,,,CC BY 4.0,Missed,
gemma4:e4b,dmp.dataset[7].metadata[0].language,,,eng,Missed,
gemma4:e4b,dmp.dataset[7].personal_data,,,no,Missed,
gemma4:e4b,dmp.dataset[7].sensitive_data,,,no,Missed,
gemma4:e4b,dmp.dataset[7].title,,,Zooplankton Taxonomy from JSP and Oceanography horizontal surface tows,Missed,
gemma4:e4b,dmp.dataset[7].type,,,dataset,Missed,
gemma4:e4b,dmp.dataset[8].description,,,"Dataset from fish tissue samples sent to Kristi Millers lab. Currently 2015 sockeye, pink and chum dataset is published as part of the Hakai JSP data package. Katherine Medcalf' (UoT) project will produce fit chip data from Krisiti Miller's lab for 2016 sockeye and will be used in conjunction with sea lice count data and the 2015 fit chip data. Katherine is working on a separate DMP for that.",Missed,
gemma4:e4b,dmp.dataset[8].distribution[0].data_access,,,open,Missed,
gemma4:e4b,dmp.dataset[8].distribution[0].host.title,,,Hakai EIMS,Missed,
gemma4:e4b,dmp.dataset[8].distribution[0].license[0].license_ref,,,CC BY 4.0,Missed,
gemma4:e4b,dmp.dataset[8].metadata[0].language,,,eng,Missed,
gemma4:e4b,dmp.dataset[8].personal_data,,,no,Missed,
gemma4:e4b,dmp.dataset[8].sensitive_data,,,no,Missed,
gemma4:e4b,dmp.dataset[8].title,,,RNA pathogen and gene expression data: Fitchip data from sockeye,Missed,
gemma4:e4b,dmp.dataset[8].type,,,dataset,Missed,
gemma4:e4b,dmp.dataset[9].description,,,"Fin clips and liver samples are sent to the Pacific Biological Station for stock identification. Currently, we have results from 2015–2019. These data could be published in a stand alone data package, with an accompanying data paper. Currently, they reside in the JSP GitHub repo along with the JSP Time-series dataset.",Missed,
gemma4:e4b,dmp.dataset[9].distribution[0].data_access,,,open,Missed,
gemma4:e4b,dmp.dataset[9].distribution[0].host.title,,,Ocean Biogeographic Information System,Missed,
gemma4:e4b,dmp.dataset[9].metadata[0].language,,,eng,Missed,
gemma4:e4b,dmp.dataset[9].personal_data,,,no,Missed,
gemma4:e4b,dmp.dataset[9].sensitive_data,,,no,Missed,
gemma4:e4b,dmp.dataset[9].title,,,Genetic stock identification of sockeye,Missed,
gemma4:e4b,dmp.dataset[9].type,,,dataset,Missed,
gemma4:e4b,dmp.ethical_issues_exist,,,no,Missed,
gemma4:e4b,dmp.modified,,,2024-06-11T00:00:00Z,Missed,
gemma4:e4b,dmp.project[0].description,,,"The Hakai Institute Juvenile Salmon program is an ongoing initiative that was established in 2015 in partnership with the University of British Columbia, University of Toronto, Simon Fraser University and Salmon Coast Field Station. This program researches the early life history of juvenile salmon in coastal British Columbia. Primary research objectives are determining: 1) Migration timing rates and routes; 2) Migration habitat, including physical and chemical oceanographic conditions, and availability of plankton prey; 3) The impacts of prey phenology, quantity and quality on juvenile salmon growth and condition; 4) Species and stock-specific feeding biology and competitive interactions; 5) Pathogen and parasite infection dynamics; and 6) Mortality estimates. The program targets Fraser River sockeye, and pink and chum salmon, but additionally provides information on coho, chinook, and herring through incidental capture. The field program operates between May and July during the peak of the juvenile sockeye outward migration. Purse seine and oceanographic sampling are conducted in the northern Strait of Georgia / Discovery Islands region (~ 220 km from the Fraser River mouth).",Missed,
gemma4:e4b,dmp.project[0].end,,,2023-07-05,Missed,
gemma4:e4b,dmp.project[0].funding[0].name,,,Tula Foundation,Missed,
gemma4:e4b,dmp.project[0].start,,,2015-05-12,Missed,
gemma4:e4b,dmp.project[0].title,,,Hakai JSP Time Series,Missed,
gemma4:e4b,dmp.related_identifier[0].identifier,,,https://doi.org/10.26428/1606-9919-2021-201-669-685,Missed,
